<?xml version="1.0" encoding="UTF-8"?>
<beans:beans xmlns="http://www.springframework.org/schema/mvc"
	xmlns:mvc="http://www.springframework.org/schema/mvc"
	xmlns:xsi="http://www.w3.org/2001/XMLSchema-instance"
	xmlns:beans="http://www.springframework.org/schema/beans"
	xmlns:context="http://www.springframework.org/schema/context"
	xsi:schemaLocation="http://www.springframework.org/schema/mvc https://www.springframework.org/schema/mvc/spring-mvc.xsd
		http://www.springframework.org/schema/beans https://www.springframework.org/schema/beans/spring-beans.xsd
		http://www.springframework.org/schema/context https://www.springframework.org/schema/context/spring-context.xsd">

	<!-- DispatcherServlet Context: defines this servlet's request-processing infrastructure -->
	
	<!-- Enables the Spring MVC @Controller programming model -->
	<annotation-driven />

	<!-- Handles HTTP GET requests for /resources/** by efficiently serving up static resources in the ${webappRoot}/resources directory -->
	<resources mapping="/resources/**" location="/resources/" />

	<!-- Resolves views selected for rendering by @Controllers to .jsp resources in the /WEB-INF/views directory -->
	<beans:bean class="org.springframework.web.servlet.view.InternalResourceViewResolver">
		<beans:property name="prefix" value="/WEB-INF/views/" />
		<beans:property name="suffix" value=".jsp" />
	</beans:bean>
	
	<context:component-scan base-package="com.peisia.spring" />
	
	<!--	내가 따로 정한 컨트롤러용 패키지를 위해 아래 설정 추가했음 -->	
	<context:component-scan base-package="com.peisia.controller" />	

	<!-- CORS 설정 추가 -->						
	<mvc:cors><!-- mvc:cors와 같은 접두사를 사용하는 태그를 사용하려면 xmlns:mvc="http://www.springframework.org/schema/mvc" 선언이 반드시 필요합니다. -->						
	<!-- 모든 경로에 대해 CORS 허용 -->						
	<mvc:mapping path="/**"						
	allowed-origins="http://localhost:3000"						
	allowed-methods="GET, POST, PUT, DELETE"						
	allowed-headers="Content-Type, Authorization"						
	allow-credentials="true" />						
	</mvc:cors>						
	
	
</beans:beans>
